{
   "dialogues":[
      {
         "characterType":"0",
         "name":"Takeshi",
         "atlasImageName":"Hero_Default",
         "dialogueText":"Why is my life so damn difficult."
      },
      {
         "characterType":"1",
         "name":"Lucci",
         "atlasImageName":"Heroine_Surprised",
         "dialogueText":"You really are my chosen one."
      },
      {
         "characterType":"0",
         "name":"Takeshi",
         "atlasImageName":"Hero_Angry",
         "dialogueText":"I really doubt that I am..."
      },
      {
         "characterType":"1",
         "name":"Lucci",
         "atlasImageName":"Heroine_Neutral",
         "dialogueText":"Believe me I could tell when I first saw you."
      },
      {
         "characterType":"2",
         "name":"Rob",
         "atlasImageName":"Wizard",
         "dialogueText":"Takeshi cannot be your destined one when he must save the future from the robots"
      }
   ]
}
